Date,0
2023-03-31,2954.4863143854304
2023-03-30,1269.0658469324965
2023-03-29,1536.7887785525195
2023-03-28,1511.0216086881487
2023-03-27,1516.5951421722548
2023-03-26,1526.0056401450886
2023-03-25,1556.2366051420663
2023-03-24,1588.8065684929643
2023-03-23,1607.5855114523658
2023-03-22,1602.1999091445382
2023-03-21,1566.5418064024686
2023-03-20,1527.3847014361593
2023-03-19,1501.1016695995079
2023-03-18,1497.176262094384
2023-03-17,1496.3322191845884
2023-03-16,1515.9263150491452
2023-03-15,1564.553332470434
2023-03-14,1604.2330096099604
2023-03-13,1601.904265073357
2023-03-12,1610.5728562310492
2023-03-11,1616.5247987718728
2023-03-10,1609.1646859176997
2023-03-09,1604.799108625772
2023-03-08,1611.5860412571246
2023-03-07,1599.022237760699
2023-03-06,1630.8995140926982
2023-03-05,1647.907409479446
2023-03-04,1635.3589031273755
2023-03-03,1637.7312543326077
2023-03-02,1636.7720557646148
2023-03-01,1633.5340485664842
2023-02-28,1638.3559572834552
2023-02-27,1646.3443545929347
2023-02-26,1647.474223414482
2023-02-25,1655.5790086870077
2023-02-24,1655.511880871275
2023-02-23,1656.1640006587404
2023-02-22,1653.9239503891317
2023-02-21,1666.0141813518885
2023-02-20,1675.8331234698514
2023-02-19,1671.1895307012137
2023-02-18,1682.2200943282714
2023-02-17,1680.7627645008406
2023-02-16,1680.7633433678766
2023-02-15,1676.0045248236033
2023-02-14,1677.2746313360042
2023-02-13,1670.8497170105059
2023-02-12,1681.9746459296566
2023-02-11,1670.2155708947028
2023-02-10,1671.7358696725214
2023-02-09,1671.7543536857372
2023-02-08,1676.504071306587
2023-02-07,1679.1734532616279
2023-02-06,1670.7453634820686
2023-02-05,1671.896414911454
2023-02-04,1662.9171555466503
2023-02-03,1663.7629013927358
2023-02-02,1663.5659393303933
2023-02-01,1656.9055916727798
2023-01-31,1655.442709202074
2023-01-30,1657.1809316045337
2023-01-29,1667.2839101216082
2023-01-28,1675.8363162879543
2023-01-27,1675.046255240756
2023-01-26,1675.2129477487858
2023-01-25,1665.2993042729545
2023-01-24,1676.6054943570875
2023-01-23,1675.2644003491105
2023-01-22,1695.2779240656444
2023-01-21,1682.2295691364848
2023-01-20,1683.9783398807137
2023-01-19,1683.9366493528103
2023-01-18,1682.6541447822256
2023-01-17,1678.9970685981602
2023-01-16,1690.2984827744112
2023-01-15,1695.4361443879422
2023-01-14,1695.534663876396
2023-01-13,1695.73186791565
2023-01-12,1695.7637753184172
2023-01-11,1707.3006167448402
2023-01-10,1708.8493645552835
2023-01-09,1705.3126899779936
2023-01-08,1711.7873375997033
2023-01-07,1704.624833858808
2023-01-06,1705.2679392452287
2023-01-05,1705.0828321811316
2023-01-04,1698.266134830083
2023-01-03,1683.1786359229468
2023-01-02,1673.0891126695742
2023-01-01,1674.317763483783
2022-12-31,1674.3113611431406
2022-12-30,1675.514198748844
2022-12-29,1675.9713881325804
2022-12-28,1664.3504659727435
2022-12-27,1669.089744559739
2022-12-26,1662.7237813942631
2022-12-25,1663.220274630619
2022-12-24,1663.0057398152808
2022-12-23,1662.973027629149
2022-12-22,1663.0901584064227
2022-12-21,1653.2689799622867
2022-12-20,1656.4680807425434
2022-12-19,1654.868813972846
2022-12-18,1655.8200353049745
2022-12-17,1652.3196577059662
2022-12-16,1652.8025360087843
2022-12-15,1652.8015142382405
2022-12-14,1656.8133554518186
2022-12-13,1642.5735958225694
2022-12-12,1641.6420597562374
2022-12-11,1641.7087074386172
2022-12-10,1646.5828917761316
2022-12-09,1646.131846978981
2022-12-08,1646.44519610981
2022-12-07,1642.3991195982983
2022-12-06,1640.438427953843
2022-12-05,1639.0244414545798
2022-12-04,1636.7040851395927
2022-12-03,1651.6606992245
2022-12-02,1649.9474157423035
2022-12-01,1650.3188010313668
2022-11-30,1638.2036827098234
2022-11-29,1637.4305611074064
2022-11-28,1645.5649831304675
2022-11-27,1642.529871215068
2022-11-26,1653.1973331425843
2022-11-25,1652.182403781962
2022-11-24,1652.5178355316273
2022-11-23,1642.1574562503617
2022-11-22,1644.280695563978
2022-11-21,1639.8056825525548
2022-11-20,1661.9584831997008
2022-11-19,1665.52649105656
2022-11-18,1665.3696196630856
2022-11-17,1665.7330203178228
2022-11-16,1659.2403943874567
2022-11-15,1666.791421725761
2022-11-14,1657.53309661453
2022-11-13,1655.0159813559494
2022-11-12,1667.4147010718211
2022-11-11,1666.042571917474
2022-11-10,1666.5247344434204
2022-11-09,1667.8754865450446
2022-11-08,1670.1526642136132
2022-11-07,1664.3817901573973
2022-11-06,1662.9396607534022
2022-11-05,1677.4507701599127
2022-11-04,1675.5404763829686
2022-11-03,1675.7716640546023
2022-11-02,1683.8776501321151
2022-11-01,1684.828991636988
2022-10-31,1680.296900324246
2022-10-30,1677.6736848135727
2022-10-29,1680.4312620167832
2022-10-28,1679.8313882758844
2022-10-27,1679.784190933901
2022-10-26,1694.23590647522
2022-10-25,1694.5738345475766
2022-10-24,1701.3549949124879
2022-10-23,1706.8052864966903
2022-10-22,1705.471590424801
2022-10-21,1705.2809940201819
2022-10-20,1704.8271735910432
2022-10-19,1705.1894787679519
2022-10-18,1704.8521894647793
2022-10-17,1704.5409910946562
2022-10-16,1692.7883674198183
2022-10-15,1700.751348260241
2022-10-14,1700.0050217621729
2022-10-13,1700.2312549799642
2022-10-12,1671.163075320396
2022-10-11,1683.3887353086263
2022-10-10,1664.6769468729826
2022-10-09,1677.1514832192802
2022-10-08,1675.9682638409643
2022-10-07,1676.5280463067845
2022-10-06,1677.038117327646
2022-10-05,1678.0071100466143
2022-10-04,1682.464570091932
2022-10-03,1702.239192287925
2022-10-02,1699.9989556672988
2022-10-01,1700.05749295748
2022-09-30,1699.8343522259206
2022-09-29,1720.7878801117347
2022-09-28,1717.6706479491747
2022-09-27,1736.777541855792
2022-09-26,1723.00409188859
2022-09-25,1751.6350733155143
2022-09-24,1746.6715262564987
2022-09-23,1746.8877905113868
2022-09-22,1746.5781114293784
2022-09-21,1736.8129934911713
2022-09-20,1738.8025274899005
2022-09-19,1749.7248299342757
2022-09-18,1754.283158946248
2022-09-17,1747.0310012416696
2022-09-16,1748.3049933406055
2022-09-15,1748.308148486062
2022-09-14,1781.8571045665956
2022-09-13,1792.837435506867
2022-09-12,1788.3671404679549
2022-09-11,1788.848521879542
2022-09-10,1788.5114763307963
2022-09-09,1787.7015863074882
2022-09-08,1787.0411756945746
2022-09-07,1792.4170696714164
2022-09-06,1809.0752466715455
2022-09-05,1807.4987459169076
2022-09-04,1766.5384370688794
2022-09-03,1762.2939381920828
2022-09-02,1762.4069055191392
2022-09-01,1761.8334179812514
2022-08-31,1756.7777795168909
2022-08-30,1749.077616023565
2022-08-29,1749.438498990158
2022-08-28,1750.597583487659
2022-08-27,1749.2406098268539
2022-08-26,1749.5585723972597
2022-08-25,1749.4755773192458
2022-08-24,1752.709753366664
2022-08-23,1759.8281527019642
2022-08-22,1752.9309431507463
2022-08-21,1773.1972434593458
2022-08-20,1780.9643105134776
2022-08-19,1780.0703387508593
2022-08-18,1780.1985805621805
2022-08-17,1791.7939149925085
2022-08-16,1793.980620622014
2022-08-15,1784.4164832688512
2022-08-14,1795.5304845217072
2022-08-13,1800.0941531870506
2022-08-12,1799.4511299879673
2022-08-11,1799.6485845167674
2022-08-10,1795.9575309703912
2022-08-09,1771.6550370576406
2022-08-08,1739.281569291615
2022-08-07,1742.7228370068967
2022-08-06,1721.3197590165366
2022-08-05,1724.1359157292466
2022-08-04,1724.849440030009
2022-08-03,1717.6796843925924
2022-08-02,1714.6117312216525
2022-08-01,1708.049180032596
2022-07-31,1695.7957186709607
2022-07-30,1701.8405997813277
2022-07-29,1700.694109921266
2022-07-28,1700.6052774703764
2022-07-27,1678.122357758679
2022-07-26,1674.645753797592
2022-07-25,1655.7714079142033
2022-07-24,1682.7757987008656
2022-07-23,1675.2177731575748
2022-07-22,1676.6349416285916
2022-07-21,1677.1278651617683
2022-07-20,1675.5494996009331
2022-07-19,1671.4478464175806
2022-07-18,1671.4643409434052
2022-07-17,1675.2178072846477
2022-07-16,1683.230586806728
2022-07-15,1682.3536782110257
2022-07-14,1682.707638733752
2022-07-13,1696.5323759849657
2022-07-12,1684.918439838342
2022-07-11,1686.5093789254317
2022-07-10,1693.0511068550984
2022-07-09,1691.9050652788187
2022-07-08,1691.8257534370462
2022-07-07,1691.804053604651
2022-07-06,1656.4168305063413
2022-07-05,1647.3278188382803
2022-07-04,1642.6524886009145
2022-07-03,1637.0086514061072
2022-07-02,1618.5981645633467
2022-07-01,1621.589077380626
2022-06-30,1622.1310161367085
2022-06-29,1611.2787489439136
2022-06-28,1598.9796151966411
2022-06-27,1575.2111860743014
2022-06-26,1560.4033324803074
2022-06-25,1572.9956089155187
2022-06-24,1571.5451448239985
2022-06-23,1572.3395342762924
2022-06-22,1568.412010611005
2022-06-21,1582.8966588525634
2022-06-20,1600.6958809519772
2022-06-19,1620.726242272075
2022-06-18,1630.5156131321419
2022-06-17,1628.8996996823805
2022-06-16,1628.2930958057336
2022-06-15,1630.5468427280787
2022-06-14,1646.6361339442205
2022-06-13,1658.736825970366
2022-06-12,1670.2947025103347
2022-06-11,1678.7547146776237
2022-06-10,1678.0774696349308
2022-06-09,1678.071375963257
2022-06-08,1685.4174577955434
2022-06-07,1706.8335849232571
2022-06-06,1703.701632942688
2022-06-05,1695.4880161653045
2022-06-04,1700.56230230149
2022-06-03,1699.7394488909295
2022-06-02,1699.6237102398566
2022-06-01,1683.4265278751666
2022-05-31,1685.3473581960063
2022-05-30,1680.4975606545638
2022-05-29,1689.0114606033724
2022-05-28,1687.4040403809254
2022-05-27,1687.9643812756944
2022-05-26,1688.2280548207948
2022-05-25,1677.7222326279575
2022-05-24,1676.8733938675223
2022-05-23,1668.4846845666987
2022-05-22,1671.8892679359644
2022-05-21,1681.031052977281
2022-05-20,1680.2172515206119
2022-05-19,1680.7815295434254
2022-05-18,1704.6570610106423
2022-05-17,1714.672136036221
2022-05-16,1742.6612064311303
2022-05-15,1747.6379920134752
2022-05-14,1749.8500830419691
2022-05-13,1748.8014733278112
2022-05-12,1747.8004680622792
2022-05-11,1731.412140889587
2022-05-10,1756.4012325810502
2022-05-09,1746.5583083904385
2022-05-08,1754.330616686602
2022-05-07,1755.9997618681823
2022-05-06,1756.328041209203
2022-05-05,1756.4979688413482
2022-05-04,1768.4922372802218
2022-05-03,1784.263532947411
2022-05-02,1782.0428157194306
2022-05-01,1782.0626591413748
2022-04-30,1781.8066470649055
2022-04-29,1803.789839090728
2022-04-28,1800.9148931301697
2022-04-27,1801.1370748333197
2022-04-26,1817.7705997019254
2022-04-25,1830.5701910202654
2022-04-24,1852.525606982399
2022-04-23,1856.1480719901126
2022-04-22,1855.4916892742285
2022-04-21,1855.0509414020025
2022-04-20,1858.8955843847968
2022-04-19,1856.8798772544167
2022-04-18,1856.7816653814516
2022-04-17,1874.0422116587372
2022-04-16,1872.2422554896923
2022-04-15,1872.8759544651123
2022-04-14,1873.174818842447
2022-04-13,1873.113057861162
2022-04-12,1859.6133606437668
2022-04-11,1856.5597758026786
2022-04-10,1844.2675405318123
2022-04-09,1850.213489256864
2022-04-08,1849.706704478146
2022-04-07,1850.2832322333693
2022-04-06,1856.6883389107156
2022-04-05,1858.3333076558763
2022-04-04,1856.6314521987872
2022-04-03,1849.7547112710083
2022-04-02,1843.6334855628627
2022-04-01,1843.7977332460118
2022-03-31,1843.3711924012691
2022-03-30,1846.236956870972
2022-03-29,1853.5192199488943
2022-03-28,1855.8744007735963
2022-03-27,1847.8556133459022
2022-03-26,1864.017294857689
2022-03-25,1861.9631282113467
2022-03-24,1861.830488104052
2022-03-23,1860.9399622982755
2022-03-22,1858.4183907357904
2022-03-21,1861.7604006960414
2022-03-20,1868.6826898634163
2022-03-19,1859.2515462656781
2022-03-18,1860.5793009309234
2022-03-17,1860.5848882335054
2022-03-16,1861.2708759117352
2022-03-15,1865.5439992065674
2022-03-14,1868.3123112023238
2022-03-13,1866.307632120276
2022-03-12,1864.5519747270332
2022-03-11,1864.6793708997504
2022-03-10,1864.5177677791974
2022-03-09,1870.3656833444943
2022-03-08,1886.5276389967685
2022-03-07,1892.0470437883841
2022-03-06,1890.2794002658252
2022-03-05,1900.2929993516088
2022-03-04,1898.8296422234887
2022-03-03,1898.4755899034733
2022-03-02,1893.9039245079985
2022-03-01,1873.9748668505692
2022-02-28,1882.0974807182051
2022-02-27,1886.1931667186705
2022-02-26,1882.030813361989
2022-02-25,1883.173699786007
2022-02-24,1883.6491440970876
2022-02-23,1894.8798409060182
2022-02-22,1917.111285783627
2022-02-21,1917.6418979785954
2022-02-20,1921.165068920647
2022-02-19,1917.1500709113793
2022-02-18,1916.9214734342745
2022-02-17,1916.2076373557459
2022-02-16,1900.8474017965657
2022-02-15,1899.1766273505668
2022-02-14,1894.3260045835432
2022-02-13,1903.2553507356286
2022-02-12,1896.0698957847692
2022-02-11,1897.5304439182796
2022-02-10,1897.8087902605464
2022-02-09,1897.1755979762604
2022-02-08,1888.4648573912502
2022-02-07,1887.1691482760575
2022-02-06,1895.0455988156227
2022-02-05,1901.7410463380168
2022-02-04,1901.1317498165354
2022-02-03,1901.552691479807
2022-02-02,1902.0794108981856
2022-02-01,1892.0350741740253
2022-01-31,1888.8766549930813
2022-01-30,1888.8571802502356
2022-01-29,1872.402417088897
2022-01-28,1874.3220704690614
2022-01-27,1874.332581634545
2022-01-26,1879.1248983400346
2022-01-25,1883.5124943284725
2022-01-24,1881.753696409762
2022-01-23,1888.086520930381
2022-01-22,1894.2968498305495
2022-01-21,1893.2499755730312
2022-01-20,1892.9830666421958
2022-01-19,1885.818090135438
2022-01-18,1889.799141559094
2022-01-17,1889.8170937073455
2022-01-16,1890.1907287331464
2022-01-15,1901.0443845177717
2022-01-14,1900.0946195349088
2022-01-13,1900.4524968906985
2022-01-12,1884.0959766898632
2022-01-11,1897.8143433653495
2022-01-10,1905.9194949310543
2022-01-09,1913.6380941858504
2022-01-08,1921.9311138563346
2022-01-07,1921.187516064039
2022-01-06,1921.3408048906144
2022-01-05,1920.4223334900628
2022-01-04,1915.3618505278748
2022-01-03,1917.4991847334309
2022-01-02,1913.1990107122697
2022-01-01,1913.6245921786863
2021-12-31,1913.7748047273653
2021-12-30,1900.5163354414465
2021-12-29,1896.6429595191955
2021-12-28,1899.18876218788
2021-12-27,1888.2358267027728
2021-12-26,1903.3974324437759
2021-12-25,1901.8270157125514
2021-12-24,1902.2306436340536
2021-12-23,1902.4387229866204
2021-12-22,1888.8186286000262
2021-12-21,1869.8222408523773
2021-12-20,1869.850987654513
2021-12-19,1863.5354868585512
2021-12-18,1851.2579242226802
2021-12-17,1853.2281816895625
2021-12-16,1853.7406827809166
2021-12-15,1863.549317601014
2021-12-14,1871.2223929352162
2021-12-13,1863.4108642986678
2021-12-12,1856.5344130962885
2021-12-11,1856.878541472662
2021-12-10,1856.1194192191062
2021-12-09,1855.6677269556815
2021-12-08,1835.0668624881228
2021-12-07,1828.6087262106803
2021-12-06,1820.2882343314027
2021-12-05,1821.0617736925226
2021-12-04,1841.3713574513865
2021-12-03,1839.6330840648397
2021-12-02,1840.474229824649
2021-12-01,1846.0233030129432
2021-11-30,1870.6615327480347
2021-11-29,1873.3188407236619
2021-11-28,1892.124045603926
2021-11-27,1887.2471683360675
2021-11-26,1887.268800647772
2021-11-25,1886.699610955296
2021-11-24,1869.4601409041388
2021-11-23,1865.2851595957554
2021-11-22,1878.8882045573653
2021-11-21,1874.7472027642057
2021-11-20,1896.1211018756537
2021-11-19,1894.4170632450418
2021-11-18,1895.1085906747776
2021-11-17,1891.556789144165
2021-11-16,1902.5198463975535
2021-11-15,1912.973505940477
2021-11-14,1918.6541264372397
2021-11-13,1920.5700250962796
2021-11-12,1920.3149403590542
2021-11-11,1920.3037535069468
2021-11-10,1932.9630950397252
2021-11-09,1933.9444925304142
2021-11-08,1935.5098801557865
2021-11-07,1936.5158998555876
2021-11-06,1951.224332286226
2021-11-05,1949.3181322492335
2021-11-04,1949.3866365054816
2021-11-03,1957.8232047387223
2021-11-02,1970.8563602019992
2021-11-01,1957.6441914502914
2021-10-31,1974.5117082882332
2021-10-30,1960.019108316331
2021-10-29,1961.4127469390112
2021-10-28,1961.0609957311353
2021-10-27,1959.7010408859053
2021-10-26,1954.0045759302404
2021-10-25,1945.269863281396
2021-10-24,1944.4268683915816
2021-10-23,1962.6754405226334
2021-10-22,1960.7777677186696
2021-10-21,1961.337479394862
2021-10-20,1962.2034500997968
2021-10-19,1960.0853948457132
2021-10-18,1959.9728162883803
2021-10-17,1963.1172367293136
2021-10-16,1971.351936896452
2021-10-15,1970.330502937703
2021-10-14,1970.591551847563
2021-10-13,1973.590886096996
2021-10-12,1974.6982071937487
2021-10-11,1982.9102601297416
2021-10-10,1995.1020803562278
2021-10-09,1993.5639752797947
2021-10-08,1993.6474424194707
2021-10-07,1993.4450336100938
2021-10-06,2003.871302578512
2021-10-05,2020.7124834660713
2021-10-04,2015.9226360753792
2021-10-03,2030.2019191708239
2021-10-02,2040.6076922182708
2021-10-01,2039.1660328584478
2021-09-30,2039.027425375644
2021-09-29,2030.582759998916
2021-09-28,2029.795830457827
2021-09-27,2049.852003626223
2021-09-26,2056.1353053999983
2021-09-25,2037.5948141051194
2021-09-24,2040.2006753243686
2021-09-23,2039.985243501646
2021-09-22,2047.1631379627242
2021-09-21,2042.535239435677
2021-09-20,2038.5563390051977
2021-09-19,2059.610266718563
2021-09-18,2062.3517322016783
2021-09-17,2062.1553714915594
2021-09-16,2062.323102274053
2021-09-15,2050.967015117797
2021-09-14,2045.81005725125
2021-09-13,2060.655548511543
2021-09-12,2060.965577634137
2021-09-11,2063.4702646408223
2021-09-10,2063.6381195258814
2021-09-09,2063.9596117047427
2021-09-08,2062.6000167753105
2021-09-07,2067.497232784522
2021-09-06,2051.066585556004
2021-09-05,2035.8458352025866
2021-09-04,2022.2356807094416
2021-09-03,2023.6344564592418
2021-09-02,2023.6378631420555
2021-09-01,2023.1503483568797
2021-08-31,2026.1701038534734
2021-08-30,2020.446777302527
2021-08-29,2034.5754722103693
2021-08-28,2035.5829917941464
2021-08-27,2035.164133939152
2021-08-26,2034.8269864930792
2021-08-25,2039.5531668013105
2021-08-24,2030.868607234879
2021-08-23,2030.2580658153631
2021-08-22,2018.1689870855462
2021-08-21,2014.3240390479093
2021-08-20,2014.9574853738993
2021-08-19,2015.139217618709
2021-08-18,2003.9363947700401
2021-08-17,1999.8339487981355
2021-08-16,1995.3286135598873
2021-08-15,1969.2445765031734
2021-08-14,1958.1981631056817
2021-08-13,1959.469107310561
2021-08-12,1959.4458893753822
2021-08-11,1949.8505801751503
2021-08-10,1963.3635926492043
2021-08-09,1977.341865409936
2021-08-08,1978.4880552634106
2021-08-07,1975.6733625986983
2021-08-06,1975.7470057268197
2021-08-05,1975.008345815638
2021-08-04,1974.8199492570732
2021-08-03,1972.677991293244
2021-08-02,1970.926514071665
2021-08-01,1972.0704712478748
2021-07-31,1972.3248271476289
2021-07-30,1974.6157537782458
2021-07-29,1974.6695546174913
2021-07-28,1990.0665899190062
2021-07-27,1977.2676578677126
2021-07-26,1984.9093737068386
2021-07-25,1982.279434897111
2021-07-24,1981.8104883965714
2021-07-23,1981.6428419980832
2021-07-22,1981.5720490378976
2021-07-21,1978.264018007756
2021-07-20,1986.1702947111773
2021-07-19,1985.032102641198
2021-07-18,1985.3120762297235
2021-07-17,1970.6905099423275
2021-07-16,1972.284079499117
2021-07-15,1971.8677673814977
2021-07-14,1968.7849872694658
2021-07-13,1952.6666288098472
2021-07-12,1952.343915371107
2021-07-11,1941.650586630885
2021-07-10,1951.8150970459642
2021-07-09,1950.9862148958227
2021-07-08,1951.484626806053
2021-07-07,1944.5430653470266
2021-07-06,1938.9230015629819
2021-07-05,1930.3273530451595
2021-07-04,1919.2468024446223
2021-07-03,1928.4375087053688
2021-07-02,1927.3911592097236
2021-07-01,1927.8844035379077
2021-06-30,1926.7266607378485
2021-06-29,1928.0317338294556
2021-06-28,1917.8439505977765
2021-06-27,1918.8866824650668
2021-06-26,1895.8611253131085
2021-06-25,1898.2012672063624
2021-06-24,1897.7798942480733
2021-06-23,1887.756281340159
2021-06-22,1899.167020263173
2021-06-21,1898.7850686525653
2021-06-20,1903.8456551727713
2021-06-19,1901.8700079900173
2021-06-18,1902.0915477998788
2021-06-17,1901.73811667592
2021-06-16,1909.7948111281667
2021-06-15,1911.7845197141492
2021-06-14,1908.7577695311445
2021-06-13,1921.1606101678626
2021-06-12,1910.9636221565365
2021-06-11,1912.1980852091956
2021-06-10,1912.0427020054942
2021-06-09,1916.5780574251
2021-06-08,1912.6374826075423
2021-06-07,1906.034687170917
2021-06-06,1903.4631720696827
2021-06-05,1909.1412837046294
2021-06-04,1908.5091751095958
2021-06-03,1908.74762904948
2021-06-02,1912.2155227919313
2021-06-01,1898.1125315087713
2021-05-31,1899.7411446781657
2021-05-30,1866.8637136380248
2021-05-29,1859.5521904116385
2021-05-28,1860.269509676728
2021-05-27,1860.288249087317
2021-05-26,1862.7523214855246
2021-05-25,1865.3718733863404
2021-05-24,1864.3142748672367
2021-05-23,1860.9178547986912
2021-05-22,1859.4880938611282
2021-05-21,1859.1883395952866
2021-05-20,1858.6507281825052
2021-05-19,1850.7030996763021
2021-05-18,1835.2973420629583
2021-05-17,1842.081987767905
2021-05-16,1860.751852511657
2021-05-15,1863.8536881860014
2021-05-14,1864.1606383307958
2021-05-13,1864.593152404578
2021-05-12,1864.4272514171892
2021-05-11,1861.43125130563
2021-05-10,1863.0315020371545
2021-05-09,1866.5603136140207
2021-05-08,1861.2763659453844
2021-05-07,1862.0286567711214
2021-05-06,1862.2491890845924
2021-05-05,1861.7092147392705
2021-05-04,1862.2899033891802
2021-05-03,1843.4915322875001
2021-05-02,1860.0173769128396
2021-05-01,1857.9393906816088
2021-04-30,1858.0963975522104
2021-04-29,1867.898600641033
2021-04-28,1875.0139741789706
2021-04-27,1878.1321877730002
2021-04-26,1867.9576896671074
2021-04-25,1892.3987053099106
2021-04-24,1888.6540654594223
2021-04-23,1888.705815316691
2021-04-22,1888.523022038378
2021-04-21,1880.9056429203342
2021-04-20,1877.1029579475726
2021-04-19,1872.664876311165
2021-04-18,1879.0934957473487
2021-04-17,1883.055584225912
2021-04-16,1882.97481969517
2021-04-15,1883.408989384511
2021-04-14,1872.5806964508952
2021-04-13,1866.4343290045783
2021-04-12,1860.2078629056298
2021-04-11,1862.2116700305007
2021-04-10,1868.6932218967486
2021-04-09,1868.2090178160615
2021-04-08,1868.802208829274
2021-04-07,1855.5923229701987
2021-04-06,1856.3276665110566
2021-04-05,1864.1490613430894
2021-04-04,1864.5069437105
2021-04-03,1864.3810655200923
2021-04-02,1864.4798882614425
2021-04-01,1864.5394672309803
2021-03-31,1864.5478508583572
2021-03-30,1843.6565132560675
2021-03-29,1846.3906688400475
2021-03-28,1853.4421939187798
2021-03-27,1910.2146780378018
2021-03-26,1904.0615080716796
2021-03-25,1905.4739177103818
2021-03-24,1910.5807738299404
2021-03-23,1912.5015221751562
2021-03-22,1935.4422337609274
2021-03-21,1931.570829761581
2021-03-20,1933.8962695854418
2021-03-19,1933.4122463027306
2021-03-18,1933.4058060598684
2021-03-17,1936.503809637568
2021-03-16,1929.127523260915
2021-03-15,1921.563479854267
2021-03-14,1926.6981031559574
2021-03-13,1922.1734506037253
2021-03-12,1922.705774270562
2021-03-11,1922.7999217517481
2021-03-10,1911.7486891091767
2021-03-09,1915.2483607110928
2021-03-08,1922.7701596335248
2021-03-07,1934.6425599933934
2021-03-06,1943.222969631812
2021-03-05,1942.4252222572077
2021-03-04,1942.5344059305305
2021-03-03,1936.9926872908263
2021-03-02,1934.7377989829477
2021-03-01,1920.1509349312607
2021-02-28,1910.128257295468
2021-02-27,1914.5738367974393
2021-02-26,1914.3317493746492
2021-02-25,1915.013245047392
2021-02-24,1893.7877007597283
2021-02-23,1874.8411416881609
2021-02-22,1884.053364874943
2021-02-21,1875.593257082362
2021-02-20,1889.259101663993
2021-02-19,1888.0494973931088
2021-02-18,1888.7083472659122
2021-02-17,1874.3541612278916
2021-02-16,1874.9083695421239
2021-02-15,1879.8096529099976
2021-02-14,1885.7601007352955
2021-02-13,1890.3052245106487
2021-02-12,1889.930306687991
2021-02-11,1890.1826973698817
2021-02-10,1882.0203181284467
2021-02-09,1886.4657629244884
2021-02-08,1874.5370101756077
2021-02-07,1879.755975728184
2021-02-06,1863.1574403818072
2021-02-05,1865.1605000963732
2021-02-04,1865.1757287236055
2021-02-03,1871.1078337952472
2021-02-02,1872.8739619375308
2021-02-01,1875.154572996091
2021-01-31,1875.7796889123838
2021-01-30,1883.6661212892586
2021-01-29,1882.4646686861488
2021-01-28,1882.2521322940268
2021-01-27,1889.8690424507968
2021-01-26,1889.8882297404814
2021-01-25,1888.5905839824627
2021-01-24,1881.2281640050949
2021-01-23,1887.8849902829304
2021-01-22,1887.0617367584032
2021-01-21,1887.1507935203201
2021-01-20,1889.1671005809606
2021-01-19,1880.5460655660186
2021-01-18,1896.1529968518346
2021-01-17,1908.7169142920477
2021-01-16,1922.3808082197024
2021-01-15,1920.927603641538
2021-01-14,1921.0665380468774
2021-01-13,1922.2455556322936
2021-01-12,1909.3603105301222
2021-01-11,1900.4169835808975
2021-01-10,1889.5950256138176
2021-01-09,1895.392363586789
2021-01-08,1895.0328086305447
2021-01-07,1895.8062922127826
2021-01-06,1877.490728064362
2021-01-05,1867.9005609028632
2021-01-04,1879.116813340845
2021-01-03,1871.2492064325947
2021-01-02,1872.0421137505814
2021-01-01,1872.0689391968024
2020-12-31,1872.2192203554773
2020-12-30,1867.7432946312729
2020-12-29,1850.6870526127555
2020-12-28,1836.242396343727
2020-12-27,1827.638030015518
2020-12-26,1839.453943155475
2020-12-25,1838.3002394907628
2020-12-24,1839.088981897659
2020-12-23,1839.8357713618939
2020-12-22,1821.2592628386567
2020-12-21,1810.6791707512004
2020-12-20,1810.1418079181392
2020-12-19,1793.618593631868
2020-12-18,1795.3631605647108
2020-12-17,1795.4410117456391
2020-12-16,1795.4808493675648
2020-12-15,1794.7210013331144
2020-12-14,1784.7123150340776
2020-12-13,1798.8103872591464
2020-12-12,1794.1287400468075
2020-12-11,1794.4232870663323
2020-12-10,1794.1807146708982
2020-12-09,1780.071301100749
2020-12-08,1773.2203140990596
2020-12-07,1780.187304578971
2020-12-06,1782.2915748646778
2020-12-05,1786.6168744943839
2020-12-04,1786.6756778491333
2020-12-03,1787.094825012071
2020-12-02,1777.956063213049
2020-12-01,1758.5640822184275
2020-11-30,1750.167553963367
2020-11-29,1759.6423860303578
2020-11-28,1756.2293021544838
2020-11-27,1757.1023441980992
2020-11-26,1757.8625162074115
2020-11-25,1785.1589824864275
2020-11-24,1793.1734570748745
2020-11-23,1792.7574821405744
2020-11-22,1788.1419482264769
2020-11-21,1786.709511034459
2020-11-20,1785.7920038867283
2020-11-19,1785.0055184163116
2020-11-18,1783.02176539439
2020-11-17,1788.2229320789759
2020-11-16,1786.8850958571409
2020-11-15,1782.7070722673861
2020-11-14,1790.9680594012752
2020-11-13,1790.1098625312047
2020-11-12,1790.0648496380584
2020-11-11,1779.5115385104118
2020-11-10,1792.8757164960964
2020-11-09,1765.1757814606522
2020-11-08,1762.3081551850312
2020-11-07,1769.2730457822674
2020-11-06,1768.588063003589
2020-11-05,1769.1506561318847
2020-11-04,1770.4890314291627
2020-11-03,1755.3620267565113
2020-11-02,1755.8806974210638
2020-11-01,1764.8186237597974
2020-10-31,1763.4599237863263
2020-10-30,1786.6502522052162
2020-10-29,1784.1428954100159
2020-10-28,1803.2695533104984
2020-10-27,1798.90165172218
2020-10-26,1799.3470573409663
2020-10-25,1800.3733983600491
2020-10-24,1799.3882673636272
2020-10-23,1798.8766950770564
2020-10-22,1798.6318141764389
2020-10-21,1805.5945669733653
2020-10-20,1810.1578980605489
2020-10-19,1813.2096327041556
2020-10-18,1813.1731559464783
2020-10-17,1811.734080300394
2020-10-16,1811.6490797591512
2020-10-15,1811.2307094075884
2020-10-14,1814.397026117779
2020-10-13,1812.7705293802542
2020-10-12,1819.9296900517625
2020-10-11,1832.2570976893012
2020-10-10,1838.0513179504867
2020-10-09,1837.581529383465
2020-10-08,1837.6249194341042
2020-10-07,1831.5121934697863
2020-10-06,1836.8627170012348
2020-10-05,1843.3191809460552
2020-10-04,1854.2696415565385
2020-10-03,1852.1235452391807
2020-10-02,1852.6690830972573
2020-10-01,1852.7870029532933
2020-09-30,1856.5364427046063
2020-09-29,1852.0661844322708
2020-09-28,1843.8347322257825
2020-09-27,1850.5875443028483
2020-09-26,1846.6725435865997
2020-09-25,1847.1869977698072
2020-09-24,1847.4038330303738
2020-09-23,1829.5666846010754
2020-09-22,1841.8515476287564
2020-09-21,1839.6192577138152
2020-09-20,1850.0180544607715
2020-09-19,1847.4436718628194
2020-09-18,1847.880046300018
2020-09-17,1847.8655292368471
2020-09-16,1844.4376865315696
2020-09-15,1869.6101004798395
2020-09-14,1879.8730503684385
2020-09-13,1880.5895011824316
2020-09-12,1876.3059933875163
2020-09-11,1876.613950171914
2020-09-10,1876.0270843693895
2020-09-09,1871.0092934466613
2020-09-08,1849.752394811277
2020-09-07,1848.963250678196
2020-09-06,1847.994964392993
2020-09-05,1854.7041119474848
2020-09-04,1854.6410543952957
2020-09-03,1855.4334954961976
2020-09-02,1852.8179819848456
2020-09-01,1833.4261597974582
2020-08-31,1805.765099000579
2020-08-30,1791.1462508083387
2020-08-29,1791.0302502274467
2020-08-28,1791.0595848869416
2020-08-27,1791.9262495123112
2020-08-26,1767.1160909119315
2020-08-25,1759.087944169737
2020-08-24,1740.354565442567
2020-08-23,1748.6598782627404
2020-08-22,1719.2409143903221
2020-08-21,1722.631100525271
2020-08-20,1722.5173247040793
2020-08-19,1735.4105964733576
2020-08-18,1731.9277634072005
2020-08-17,1729.758610497977
2020-08-16,1740.8096303727873
2020-08-15,1745.363286389399
2020-08-14,1744.423399500248
2020-08-13,1744.0718347106904
2020-08-12,1737.8436765377585
2020-08-11,1752.9763173821707
2020-08-10,1729.9154965684193
2020-08-09,1765.3672876638318
2020-08-08,1757.6436790459236
2020-08-07,1758.7900775179298
2020-08-06,1758.9626097418138
2020-08-05,1760.1572932352758
2020-08-04,1763.0735307558546
2020-08-03,1799.6860035277912
2020-08-02,1798.7646524822155
2020-08-01,1798.921256864828
2020-07-31,1798.9739017428444
2020-07-30,1798.540882359366
2020-07-29,1797.897976465822
2020-07-28,1813.0878851517414
2020-07-27,1890.2955182518567
2020-07-26,1875.1317248560945
2020-07-25,1891.9297058276252
2020-07-24,1890.1707937299743
2020-07-23,1889.240988060511
2020-07-22,1880.7288738820241
2020-07-21,1886.5317405909543
2020-07-20,1907.7034897509059
2020-07-19,1909.0158594283218
2020-07-18,1909.2613739162828
2020-07-17,1910.1687601573076
2020-07-16,1910.5199241902117
2020-07-15,1906.9716172864405
2020-07-14,1915.1353028953433
2020-07-13,1890.5377614079887
2020-07-12,1901.1980452513292
2020-07-11,1900.2961238902417
2020-07-10,1900.4514340976593
2020-07-09,1900.9295772105315
2020-07-08,1908.9807416030183
2020-07-07,1924.82288954594
2020-07-06,1961.2593572584544
2020-07-05,1950.3244357324995
2020-07-04,1947.7375078949144
2020-07-03,1947.3782018449722
2020-07-02,1946.192782616903
2020-07-01,1944.8418961673538
2020-06-30,1946.7452625881256
2020-06-29,1940.1864683737738
2020-06-28,1953.1615836534804
2020-06-27,1936.5201302998141
2020-06-26,1938.9590118307867
2020-06-25,1938.9170352041704
2020-06-24,1938.0143388572149
2020-06-23,1944.3479284601315
2020-06-22,1950.7936982476513
2020-06-21,1958.9554628693684
2020-06-20,1971.8717359258908
2020-06-19,1970.4389383728624
2020-06-18,1970.5297878948654
2020-06-17,1973.0728983982265
2020-06-16,2009.7397994967441
2020-06-15,2029.5439470777378
2020-06-14,2024.1142418153333
2020-06-13,2011.8516223626023
2020-06-12,2012.8316272873458
2020-06-11,2011.7463552124857
2020-06-10,1991.576863567699
2020-06-09,1983.598065085353
2020-06-08,1979.3957703338583
2020-06-07,1964.6103352754446
2020-06-06,1933.7828653496254
2020-06-05,1938.21793683182
2020-06-04,1938.3479800518578
2020-06-03,1929.1649100880575
2020-06-02,1936.7154863667056
2020-06-01,1930.752100450773
2020-05-31,1931.714118315578
2020-05-30,1951.0790633126896
2020-05-29,1948.6824082321386
2020-05-28,1948.818653824841
2020-05-27,1967.6004998989577
2020-05-26,1979.0302983705596
2020-05-25,2015.7242907597176
2020-05-24,2017.4620391627852
2020-05-23,2017.0921362722431
2020-05-22,2016.6857717317569
2020-05-21,2015.7236190359583
2020-05-20,2002.1191421220963
2020-05-19,2008.800617285134
2020-05-18,2005.7790356919763
2020-05-17,1990.6382269102571
2020-05-16,1971.550104754098
2020-05-15,1974.3932856462357
2020-05-14,1974.4695565835634
2020-05-13,1968.7208520708054
2020-05-12,2000.242446057932
2020-05-11,2046.4237444036228
2020-05-10,2058.7551747334855
2020-05-09,2035.3547183453852
2020-05-08,2037.6424926763523
2020-05-07,2035.8198723423052
2020-05-06,2041.5799698160586
2020-05-05,2061.485849636181
2020-05-04,2014.3139269735
2020-05-03,1984.5927460552336
2020-05-02,1988.7157643064554
2020-05-01,1988.5367695646287
2020-04-30,1989.169467571742
2020-04-29,1952.488507511616
2020-04-28,1968.2906780612136
2020-04-27,1944.403328670859
2020-04-26,1958.995996746452
2020-04-25,1968.989728338942
2020-04-24,1967.9583054510927
2020-04-23,1968.4243257691164
2020-04-22,1971.9738503499314
2020-04-21,1988.7431547442732
2020-04-20,1997.0238665139022
2020-04-19,1985.0043969903334
2020-04-18,1972.5816028439676
2020-04-17,1973.571246877992
2020-04-16,1972.8973846737695
2020-04-15,1966.8962549552298
2020-04-14,1985.905907750817
2020-04-13,1967.8802158292672
2020-04-12,1966.9462531083655
2020-04-11,1967.4493479589567
2020-04-10,1967.3083478214533
2020-04-09,1967.136900363297
2020-04-08,1967.0061942358293
2020-04-07,1968.1794791899667
2020-04-06,1984.618256075909
2020-04-05,2021.8087276165563
2020-04-04,2014.2343571478248
2020-04-03,2015.3393576467852
2020-04-02,2015.000232719364
2020-04-01,1981.7824252151438
2020-03-31,1964.405514795786
2020-03-30,1963.3292564295828
2020-03-29,1922.0927515042295
2020-03-28,1912.3065328083624
2020-03-27,1914.7186379850439
2020-03-26,1915.9249893764372
2020-03-25,1886.9513445211157
2020-03-24,1871.0457727465596
2020-03-23,1889.2828385593102
2020-03-22,1969.6010368490083
2020-03-21,2037.5254210742844
2020-03-20,2030.1188401345278
2020-03-19,2031.4351145301555
2020-03-18,2038.345817109037
2020-03-17,2053.8468412491998
2020-03-16,2053.5381801360013
2020-03-15,2057.33490592761
2020-03-14,2133.4563904826523
2020-03-13,2124.9237868380615
2020-03-12,2127.0799260525873
2020-03-11,2257.639364519215
2020-03-10,2334.5684798028683
2020-03-09,2318.82434096838
2020-03-08,2347.950912450376
2020-03-07,2416.4886986707825
2020-03-06,2404.13342947917
2020-03-05,2402.004285546135
2020-03-04,2421.6099545397265
2020-03-03,2398.517490119344
2020-03-02,2378.176860914378
2020-03-01,2363.7117697730273
2020-02-29,2366.0996723457342
2020-02-28,2330.6511162187267
2020-02-27,2335.785296876462
2020-02-26,2420.0577816912355
2020-02-25,2433.6723609247892
2020-02-24,2459.575297229799
2020-02-23,2516.888298931564
2020-02-22,2503.9523009706168
2020-02-21,2503.451492947973
2020-02-20,2500.8273648288587
2020-02-19,2524.697557430464
2020-02-18,2521.649818292552
2020-02-17,2541.0730896002833
2020-02-16,2552.2553766587494
2020-02-15,2561.23014814498
2020-02-14,2561.1427427287435
2020-02-13,2561.3393751839326
2020-02-12,2585.16011552946
2020-02-11,2603.5221139758346
2020-02-10,2600.3595118608246
2020-02-09,2593.841922863173
2020-02-08,2603.839543831041
2020-02-07,2602.188752921205
2020-02-06,2602.0962504450818
2020-02-05,2608.5288459445524
2020-02-04,2609.4245866797437
2020-02-03,2601.1127838639904
2020-02-02,2605.766765691734
2020-02-01,2605.152198298652
2020-01-31,2605.0561951829554
2020-01-30,2599.5982141046443
2020-01-29,2602.0473912069474
2020-01-28,2603.3195570903554
2020-01-27,2634.6271685094944
2020-01-26,2633.4816337325883
2020-01-25,2645.484504713011
2020-01-24,2644.195398812032
2020-01-23,2643.909857601566
2020-01-22,2642.9603156351077
2020-01-21,2648.2925437343847
2020-01-20,2660.5216516839314
2020-01-19,2667.8527113945347
2020-01-18,2669.7459982692753
2020-01-17,2669.896158247932
2020-01-16,2670.0124126028686
2020-01-15,2670.357344120699
2020-01-14,2672.3919720743766
2020-01-13,2667.903494422268
2020-01-12,2695.799300228197
2020-01-11,2702.5285828497244
2020-01-10,2701.94341220406
2020-01-09,2702.3023419926926
2020-01-08,2692.1032715978704
2020-01-07,2666.843447620343
2020-01-06,2670.8652535010447
2020-01-05,2710.0550860086228
2020-01-04,2707.2133237211074
2020-01-03,2708.4076801693077
2020-01-02,2709.322772414869
2020-01-01,2670.1495428285953
2019-12-31,2674.2492381625852
2019-12-30,2650.1525206440256
2019-12-29,2627.3181069788984
2019-12-28,2645.149531193753
2019-12-27,2643.696953522859
2019-12-26,2645.2022361184727
2019-12-25,2646.6792900593314
2019-12-24,2647.5988095002203
2019-12-23,2647.7629449286387
2019-12-22,2589.340106250299
2019-12-21,2580.9423577273815
2019-12-20,2580.868695443192
2019-12-19,2580.2567297659166
2019-12-18,2560.394939001188
2019-12-17,2572.594189781819
2019-12-16,2592.375394845686
2019-12-15,2584.600166221481
2019-12-14,2590.6216674838747
2019-12-13,2589.788306034194
2019-12-12,2588.94370510783
2019-12-11,2587.907850965432
2019-12-10,2599.360785583483
2019-12-09,2599.633978252563
2019-12-08,2609.72698927891
2019-12-07,2623.838561548822
2019-12-06,2622.636825898992
2019-12-05,2622.9967931322158
2019-12-04,2619.925754658851
2019-12-03,2636.065338762087
2019-12-02,2635.89720116718
2019-12-01,2641.5395533832457
2019-11-30,2640.7610278541642
2019-11-29,2615.254351906209
2019-11-28,2618.2173922121756
2019-11-27,2613.310076038044
2019-11-26,2610.0791194617973
2019-11-25,2624.3152595715524
2019-11-24,2623.2882331411533
2019-11-23,2618.530196909587
2019-11-22,2619.5107870136535
2019-11-21,2619.3602308902937
2019-11-20,2625.0722739264897
2019-11-19,2614.973575312087
2019-11-18,2642.2185437981084
2019-11-17,2656.2820894126794
2019-11-16,2653.707834727513
2019-11-15,2654.2927765934032
2019-11-14,2654.126944466712
2019-11-13,2633.42829593041
2019-11-12,2642.0875954324342
2019-11-11,2676.110824907668
2019-11-10,2701.1482558584107
2019-11-09,2722.3107392133684
2019-11-08,2720.6417909446327
2019-11-07,2721.0153691433143
2019-11-06,2754.4810878811663
2019-11-05,2771.3706446869255
2019-11-04,2725.5016656061575
2019-11-03,2727.371117650969
2019-11-02,2733.0664168346084
2019-11-01,2731.774846175952
2019-10-31,2732.2821650923206
2019-10-30,2628.499224992404
2019-10-29,2568.792143514007
2019-10-28,2514.2455099647127
2019-10-27,2509.902062164225
2019-10-26,2478.2643822597934
2019-10-25,2484.610508670552
2019-10-24,2487.595402049096
2019-10-23,2484.2147594483336
2019-10-22,2481.492959997105
2019-10-21,2482.4061572601136
2019-10-20,2481.52903693656
2019-10-19,2458.4128879971645
2019-10-18,2459.618673281417
2019-10-17,2458.496724057224
2019-10-16,2453.3505484993366
2019-10-15,2430.854587183402
2019-10-14,2437.603688649561
2019-10-13,2435.974710849175
2019-10-12,2458.45445058711
2019-10-11,2456.315250785064
2019-10-10,2456.758601972268
2019-10-09,2456.5534883834584
2019-10-08,2429.5058646898297
2019-10-07,2431.9404584401273
2019-10-06,2423.6391285043105
2019-10-05,2439.1055481810627
2019-10-04,2437.773642554597
2019-10-03,2438.869313704295
2019-10-02,2445.3897827601645
2019-10-01,2447.5404916098355
2019-09-30,2447.224712707799
2019-09-29,2430.5863952893687
2019-09-28,2431.842737366675
2019-09-27,2431.008274988147
2019-09-26,2430.7298691560172
2019-09-25,2439.945941235531
2019-09-24,2448.549632930512
2019-09-23,2457.3364118761006
2019-09-22,2430.57378535193
2019-09-21,2445.0100191053966
2019-09-20,2442.7903951836142
2019-09-19,2442.281355051574
2019-09-18,2423.4024148571725
2019-09-17,2431.5045699462053
2019-09-16,2430.336997575188
2019-09-15,2445.1237181044803
2019-09-14,2429.6165019168734
2019-09-13,2431.941873335813
2019-09-12,2431.8700137623055
2019-09-11,2444.005569827876
2019-09-10,2436.625862313952
2019-09-09,2425.9468020067793
2019-09-08,2419.32210381959
2019-09-07,2418.739626612532
2019-09-06,2418.7144589260142
2019-09-05,2418.9162512937814
2019-09-04,2448.171787174167
2019-09-03,2427.316125859687
2019-09-02,2463.3960045856015
2019-09-01,2444.7080137950743
2019-08-31,2446.458488363533
2019-08-30,2471.795674331979
2019-08-29,2467.973264837413
2019-08-28,2470.1880274368623
2019-08-27,2467.8661180913737
2019-08-26,2485.6234345798516
2019-08-25,2478.5893675913753
2019-08-24,2477.8644298947484
2019-08-23,2477.951138957011
2019-08-22,2477.73897911338
2019-08-21,2494.137864791034
2019-08-20,2487.8727304461763
2019-08-19,2503.5704738706177
2019-08-18,2521.6733535855515
2019-08-17,2544.601583090776
2019-08-16,2541.854652127707
2019-08-15,2541.9158230488533
2019-08-14,2540.760948812299
2019-08-13,2538.199283437545
2019-08-12,2543.327679997151
2019-08-11,2542.1801597450494
2019-08-10,2542.861589568728
2019-08-09,2543.1830947260396
2019-08-08,2543.6348730064133
2019-08-07,2559.3984751422263
2019-08-06,2544.2387788501496
2019-08-05,2553.986146851142
2019-08-04,2579.887260368379
2019-08-03,2589.1277678386346
2019-08-02,2587.8684757498313
2019-08-01,2587.9159764981173
2019-07-31,2625.3173027146568
2019-07-30,2630.1932797099735
2019-07-29,2632.1176635512606
2019-07-28,2650.3788290542993
2019-07-27,2653.8125563115195
2019-07-26,2652.7746056443743
2019-07-25,2652.3270225268384
2019-07-24,2666.127503659131
2019-07-23,2683.789929126457
2019-07-22,2674.8091447667016
2019-07-21,2703.0537211835594
2019-07-20,2689.24692348539
2019-07-19,2690.642870497884
2019-07-18,2690.10221705002
2019-07-17,2674.6287914276445
2019-07-16,2678.2444993180707
2019-07-15,2667.5883720386887
2019-07-14,2684.549922469556
2019-07-13,2676.429541232359
2019-07-12,2678.0343416036753
2019-07-11,2678.4469319930167
2019-07-10,2689.0362778421436
2019-07-09,2669.089170605187
2019-07-08,2663.5765852766967
2019-07-07,2659.272567683374
2019-07-06,2664.757175747198
2019-07-05,2664.08790285814
2019-07-04,2664.577171601397
2019-07-03,2643.7558144057725
2019-07-02,2651.3685579216544
2019-07-01,2653.329447692928
2019-06-30,2652.6680593694055
2019-06-29,2630.2545156193755
2019-06-28,2632.9190778324955
2019-06-27,2632.536336489209
2019-06-26,2652.526768476876
2019-06-25,2647.0323613737664
2019-06-24,2649.950072006869
2019-06-23,2638.535679349681
2019-06-22,2649.1166503818317
2019-06-21,2647.4802222331623
2019-06-20,2647.2262303989437
2019-06-19,2651.0072581245317
2019-06-18,2660.0302700493844
2019-06-17,2672.1111619277776
2019-06-16,2688.887302133229
2019-06-15,2711.5221887333946
2019-06-14,2708.858820352166
2019-06-13,2708.844129151181
2019-06-12,2724.5317304545542
2019-06-11,2697.686891134636
2019-06-10,2680.526213959951
2019-06-09,2690.923789092751
2019-06-08,2699.816293535527
2019-06-07,2699.219235669733
2019-06-06,2700.390027298945
2019-06-05,2712.6178699612483
2019-06-04,2711.6819119224983
2019-06-03,2703.722792371868
2019-06-02,2675.3769037386296
2019-06-01,2677.8288391051638
2019-05-31,2676.69671107058
2019-05-30,2674.656475479404
2019-05-29,2655.3380250740793
2019-05-28,2671.320112055957
2019-05-27,2646.923325312735
2019-05-26,2648.0634300586485
2019-05-25,2646.51217371548
2019-05-24,2646.61482092914
2019-05-23,2646.538770344375
2019-05-22,2639.925249271269
2019-05-21,2640.145344206925
2019-05-20,2645.322799880264
2019-05-19,2635.0328116173428
2019-05-18,2670.048859389064
2019-05-17,2666.106823214801
2019-05-16,2666.7067182562314
2019-05-15,2664.326094648136
2019-05-14,2686.025116747203
2019-05-13,2698.2952906107807
2019-05-12,2738.0458695856137
2019-05-11,2762.7689992323503
2019-05-10,2759.8089918026376
2019-05-09,2759.8908726330583
2019-05-08,2788.562675286309
2019-05-07,2787.65148268531
2019-05-06,2792.259104168979
2019-05-05,2781.745212070925
2019-05-04,2801.29187747635
2019-05-03,2798.837250555016
2019-05-02,2799.24060966788
2019-05-01,2794.7138079762026
2019-04-30,2795.377139871244
2019-04-29,2797.282132628278
2019-04-28,2835.1627979548684
2019-04-27,2816.076950121369
2019-04-26,2818.3864808814456
2019-04-25,2818.095125049393
2019-04-24,2864.8996994927334
2019-04-23,2876.9177097591005
2019-04-22,2866.0776859124503
2019-04-21,2867.3807304749334
2019-04-20,2866.6677006183604
2019-04-19,2865.7468706734776
2019-04-18,2865.004505504986
2019-04-17,2869.9044927383043
2019-04-16,2898.0459096252857
2019-04-15,2888.635424707794
2019-04-14,2902.1880741941322
2019-04-13,2918.7686201491365
2019-04-12,2916.544487694627
2019-04-11,2916.2381330781272
2019-04-10,2920.1426010132523
2019-04-09,2823.001961591309
2019-04-08,2820.1211621835378
2019-04-07,2843.12164302922
2019-04-06,2842.9675825718296
2019-04-05,2844.7882421459058
2019-04-04,2847.183378010002
2019-04-03,2850.241418214979
2019-04-02,2871.0555418397466
2019-04-01,2862.2212497369833
2019-03-31,2849.431732021929
2019-03-30,2845.8522128537315
2019-03-29,2844.9909999627957
2019-03-28,2844.42451643187
2019-03-27,2832.0917743770365
2019-03-26,2840.6069029229657
2019-03-25,2853.656539645028
2019-03-24,2875.8070707278753
2019-03-23,2891.486178180589
2019-03-22,2889.800053444502
2019-03-21,2889.5612316695133
2019-03-20,2851.9527219337215
2019-03-19,2873.8335306036133
2019-03-18,2893.774407421815
2019-03-17,2904.1698501738774
2019-03-16,2894.764610162316
2019-03-15,2896.9869844701457
2019-03-14,2897.291840476132
2019-03-13,2865.4997335845346
2019-03-12,2876.9270735508285
2019-03-11,2886.3595640326866
2019-03-10,2893.211463334949
2019-03-09,2918.693760437681
2019-03-08,2916.451577899649
2019-03-07,2917.344090586274
2019-03-06,2905.714675477466
2019-03-05,2911.324799088035
2019-03-04,2906.9193669683978
2019-03-03,2912.7189328068157
2019-03-02,2915.782252209106
2019-03-01,2915.6190597769473
2019-02-28,2916.157155355293
2019-02-27,2891.085025174853
2019-02-26,2938.473796848876
2019-02-25,2950.105903103813
2019-02-24,2959.761198221723
2019-02-23,2982.2010565938785
2019-02-22,2979.332973126311
2019-02-21,2978.9611019020567
2019-02-20,3010.5893200116006
2019-02-19,3012.9722558178705
2019-02-18,3025.2988575266763
2019-02-17,3051.905842698526
2019-02-16,3046.3491061975865
2019-02-15,3046.8588996842027
2019-02-14,3046.4551239245898
2019-02-13,3060.7078519245897
2019-02-12,3072.2863742818695
2019-02-11,3063.171955590783
2019-02-10,3068.7912888117635
2019-02-09,3058.9300839816515
2019-02-08,3059.9288048398043
2019-02-07,3059.6651393462703
2019-02-06,3040.0442878985173
2019-02-05,3040.1761642229353
2019-02-04,2998.1636279964982
2019-02-03,2966.003673422511
2019-02-02,2981.4946532674185
2019-02-01,2979.9853064615677
2019-01-31,2981.1478854721295
2019-01-30,2954.3442866242553
2019-01-29,2936.0503507571407
2019-01-28,2940.852048981028
2019-01-27,2889.5462491600974
2019-01-26,2907.5093969447507
2019-01-25,2905.3753486145647
2019-01-24,2905.9852549781144
2019-01-23,2872.144684053902
2019-01-22,2876.9328493297025
2019-01-21,2869.327094888983
2019-01-20,2862.235162978419
2019-01-19,2849.3267258793826
2019-01-18,2850.9523073386435
2019-01-17,2850.9092208575694
2019-01-16,2848.9194082269796
2019-01-15,2843.159385188078
2019-01-14,2806.7936600150033
2019-01-13,2807.9936687532277
2019-01-12,2790.6680749881607
2019-01-11,2792.611806392008
2019-01-10,2792.813890742361
2019-01-09,2770.8385694208982
2019-01-08,2768.484439318064
2019-01-07,2782.00456074172
2019-01-06,2769.683699216106
2019-01-05,2786.15862266331
2019-01-04,2784.3905533884936
2019-01-03,2784.538576419249
2019-01-02,2814.8490105675937
2019-01-01,2825.6750873071474
2018-12-31,2824.221158436269
2018-12-30,2837.0658908995715
2018-12-29,2796.95871266586
2018-12-28,2800.861199719309
2018-12-27,2799.547600735794
2018-12-26,2790.1914492813976
2018-12-25,2791.5499904924395
2018-12-24,2792.198922666422
2018-12-23,2797.0615703062595
2018-12-22,2748.987711643045
2018-12-21,2754.997278882502
2018-12-20,2754.080089186629
2018-12-19,2782.887479644131
2018-12-18,2771.6975410317773
2018-12-17,2780.640097780053
2018-12-16,2751.3498616660536
2018-12-15,2760.4703473154523
2018-12-14,2758.987450561313
2018-12-13,2758.5824922780375
2018-12-12,2762.158558942344
2018-12-11,2761.919955788142
2018-12-10,2764.5511288262906
2018-12-09,2773.754122208141
2018-12-08,2827.097410005486
2018-12-07,2820.9451512331334
2018-12-06,2821.7050717064326
2018-12-05,2788.74251694337
2018-12-04,2792.0692199139316
2018-12-03,2801.592907720935
2018-12-02,2793.0505353967205
2018-12-01,2794.159707934727
2018-11-30,2794.9123890571154
2018-11-29,2797.609553501295
2018-11-28,2789.84798680739
2018-11-27,2779.8507638442325
2018-11-26,2776.6023804356105
2018-11-25,2769.9697317529462
2018-11-24,2758.2588322592883
2018-11-23,2759.505813200602
2018-11-22,2759.5762316305963
2018-11-21,2779.923840259741
2018-11-20,2768.0900034686424
2018-11-19,2801.2593502364775
2018-11-18,2804.303822513143
2018-11-17,2809.3786365364435
2018-11-16,2808.3133522646704
2018-11-15,2807.517690704104
2018-11-14,2822.2127797559483
2018-11-13,2832.015174031917
2018-11-12,2829.3973532490727
2018-11-11,2838.797791831344
2018-11-10,2833.220886227797
2018-11-09,2833.8887401526326
2018-11-08,2833.6458834131254
2018-11-07,2817.6841823474338
2018-11-06,2839.679089936774
2018-11-05,2842.2386939349144
2018-11-04,2838.9634516063584
2018-11-03,2830.1870038672323
2018-11-02,2831.3871230110653
2018-11-01,2831.1116858557375
2018-10-31,2818.367690133406
2018-10-30,2808.1922358966444
2018-10-29,2798.800002227823
2018-10-28,2812.2805141803674
2018-10-27,2821.0508071127997
2018-10-26,2820.6261676479535
2018-10-25,2821.4020291950405
2018-10-24,2827.301306719556
2018-10-23,2798.3291718966952
2018-10-22,2760.765276111099
2018-10-21,2807.0019128350796
2018-10-20,2805.7226338143055
2018-10-19,2806.1613118503205
2018-10-18,2807.366589190593
2018-10-17,2772.807236755389
2018-10-16,2751.998816426628
2018-10-15,2747.5282892861637
2018-10-14,2786.2541573669346
2018-10-13,2809.464622942282
2018-10-12,2807.5989330697453
2018-10-11,2809.117575676484
2018-10-10,2830.445102575104
2018-10-09,2827.407936694005
2018-10-08,2846.5170360899288
2018-10-07,2870.665428872532
2018-10-06,2865.5911616037033
2018-10-05,2865.675443829736
2018-10-04,2865.350931541746
2018-10-03,2878.719868473797
2018-10-02,2858.9413756839913
2018-10-01,2852.9657772108017
2018-09-30,2888.0128898597145
2018-09-29,2874.0592706245407
2018-09-28,2875.984828138906
2018-09-27,2876.153925028196
2018-09-26,2894.4541415462395
2018-09-25,2889.5473402329785
2018-09-24,2871.0847485828344
2018-09-23,2873.0000116256347
2018-09-22,2825.3493113912677
2018-09-21,2830.544150216688
2018-09-20,2829.87629864648
2018-09-19,2860.4188130418675
2018-09-18,2940.386519036913
2018-09-17,2970.250477735718
2018-09-16,2977.031015726147
2018-09-15,3003.8780702204517
2018-09-14,2998.7750567285398
2018-09-13,2996.076184678618
2018-09-12,2989.1848603804115
2018-09-11,3022.1971149576957
2018-09-10,3046.8511420582663
2018-09-09,3071.593802888337
2018-09-08,3106.602685518432
2018-09-07,3103.8076666846214
2018-09-06,3104.3382677503237
2018-09-05,3136.647623135182
2018-09-04,3157.7867171081816
2018-09-03,3184.2537472034946
2018-09-02,3179.080223148818
2018-09-01,3179.043493413219
2018-08-31,3178.633754953531
2018-08-30,3207.372068664764
2018-08-29,3252.080276772952
2018-08-28,3251.028886391676
2018-08-27,3256.454903161375
2018-08-26,3262.968384819851
2018-08-25,3303.943042525074
2018-08-24,3297.776694318932
2018-08-23,3297.4380843343597
2018-08-22,3307.229762375265
2018-08-21,3351.3050616677883
2018-08-20,3345.6862979994553
2018-08-19,3336.832545887382
2018-08-18,3337.215341904709
2018-08-17,3336.5984271430384
2018-08-16,3335.863862501802
2018-08-15,3333.778761656486
2018-08-14,3321.3489845570098
2018-08-13,3335.3758074138605
2018-08-12,3314.1030069618646
2018-08-11,3314.212624566951
2018-08-10,3314.592745923717
2018-08-09,3314.6780325516133
2018-08-08,3323.5480255952934
2018-08-07,3321.0776966093613
2018-08-06,3285.5434187233627
2018-08-05,3293.2374187077316
2018-08-04,3311.8002382744744
2018-08-03,3309.365931311721
2018-08-02,3310.0640112717856
2018-08-01,3297.255828584572
2018-07-31,3306.2510093101946
2018-07-30,3295.633248968962
2018-07-29,3310.585024799233
2018-07-28,3322.190421694247
2018-07-27,3320.7742334007835
2018-07-26,3321.1205192809234
2018-07-25,3311.460712555405
2018-07-24,3314.3265638639937
2018-07-23,3312.4425155775034
2018-07-22,3319.1544825979295
2018-07-21,3313.5522573870694
2018-07-20,3314.4037214855866
2018-07-19,3314.5714159643344
2018-07-18,3301.513358555214
2018-07-17,3282.30234572604
2018-07-16,3290.423346262591
2018-07-15,3331.4778760340064
2018-07-14,3335.402608044185
2018-07-13,3335.644272283933
2018-07-12,3336.2672800374426
2018-07-11,3298.8307018880814
2018-07-10,3309.8491526926036
2018-07-09,3299.951146412832
2018-07-08,3302.828869697205
2018-07-07,3314.1929594925923
2018-07-06,3313.6853792755664
2018-07-05,3314.8704746100184
2018-07-04,3300.8311444723913
2018-07-03,3273.182410501427
2018-07-02,3280.8404420574975
2018-07-01,3271.642639493399
2018-06-30,3272.2850627023795
2018-06-29,3286.1580289108892
2018-06-28,3285.277111321856
2018-06-27,3290.4654872903684
2018-06-26,3300.7768840206145
2018-06-25,3287.6214104548744
2018-06-24,3307.0846175489446
2018-06-23,3299.877465628124
2018-06-22,3299.9968525951494
2018-06-21,3299.578162810811
2018-06-20,3310.4320112963246
2018-06-19,3321.8460219789704
2018-06-18,3352.8853321480265
2018-06-17,3379.173543913312
2018-06-16,3376.317479538858
2018-06-15,3376.5041345492855
2018-06-14,3375.571323337978
2018-06-13,3346.443845387808
2018-06-12,3341.5644415068227
2018-06-11,3356.8508363197107
2018-06-10,3330.055891557998
2018-06-09,3353.841324491144
2018-06-08,3352.406881683851
2018-06-07,3353.707345136695
2018-06-06,3350.787621551741
2018-06-05,3333.0857859963053
2018-06-04,3305.1946914194386
2018-06-03,3266.20887310638
2018-06-02,3269.996430154312
2018-06-01,3269.3485821953814
2018-05-31,3270.277658527795
2018-05-30,3341.780985391909
2018-05-29,3358.2359562697125
2018-05-28,3364.355163047711
2018-05-27,3348.114661705407
2018-05-26,3371.4151037498136
2018-05-25,3365.953131769958
2018-05-24,3363.9750772431935
2018-05-23,3411.818899459636
2018-05-22,3436.784804316108
2018-05-21,3447.886738874282
2018-05-20,3485.006966388218
2018-05-19,3500.8594942301656
2018-05-18,3498.319613879406
2018-05-17,3497.15224232383
2018-05-16,3524.9303723274293
2018-05-15,3535.074405266353
2018-05-14,3564.8359045679827
2018-05-13,3586.3077913712536
2018-05-12,3607.272598212217
2018-05-11,3605.0909085019102
2018-05-10,3605.0604250098822
2018-05-09,3642.838424214114
2018-05-08,3671.590905905009
2018-05-07,3659.294623457997
2018-05-06,3674.5902528144916
2018-05-05,3705.31708058145
2018-05-04,3700.9799645448766
2018-05-03,3701.0439068630376
2018-05-02,3657.9381904273946
2018-05-01,3693.192257957787
2018-04-30,3688.2920348780663
2018-04-29,3741.341994001184
2018-04-28,3722.125440966131
2018-04-27,3725.2255521560187
2018-04-26,3725.2861177107643
2018-04-25,3703.8072802650036
2018-04-24,3692.9520419290216
2018-04-23,3696.1346540979525
2018-04-22,3717.2906311298675
2018-04-21,3708.0783441951658
2018-04-20,3710.1958806445823
2018-04-19,3711.0127527649056
2018-04-18,3731.506044326224
2018-04-17,3749.1191872913914
2018-04-16,3776.760749699736
2018-04-15,3808.742775139104
2018-04-14,3808.5868483279623
2018-04-13,3807.8928628555136
2018-04-12,3806.8821537593017
2018-04-11,3822.978730920417
2018-04-10,3832.2351758517943
2018-04-09,3814.451788898856
2018-04-08,3808.2988082444704
2018-04-07,3821.9279046223514
2018-04-06,3820.427066953725
2018-04-05,3820.873691969053
2018-04-04,3839.367416116347
2018-04-03,3819.179727522383
2018-04-02,3834.6053342430655
2018-04-01,3832.532838579605
2018-03-31,3832.316180328863
2018-03-30,3832.0863081492967
2018-03-29,3831.9301002028174
2018-03-28,3847.216747301549
2018-03-27,3812.1014523045733
2018-03-26,3822.822540426161
2018-03-25,3832.049525768825
2018-03-24,3849.3999932699758
2018-03-23,3847.615069116379
2018-03-22,3848.2106176357283
2018-03-21,3853.133248374677
2018-03-20,3864.8578652102588
2018-03-19,3849.3628102611583
2018-03-18,3838.550341115482
2018-03-17,3794.9854795108145
2018-03-16,3799.68978418862
2018-03-15,3798.972849487132
2018-03-14,3759.382950622817
2018-03-13,3757.8898180155165
2018-03-12,3741.106391821305
2018-03-11,3721.1541852501396
2018-03-10,3718.2870616052855
2018-03-09,3719.19426414926
2018-03-08,3719.5544540256265
2018-03-07,3719.648583262502
2018-03-06,3744.6006340830027
2018-03-05,3736.12821004935
2018-03-04,3726.5439825145854
2018-03-03,3761.3609748025065
2018-03-02,3756.64743683753
2018-03-01,3756.6962794689844
2018-02-28,3777.440282160561
2018-02-27,3747.63184499351
2018-02-26,3732.5713234997597
2018-02-25,3698.0972122929934
2018-02-24,3709.740918874136
2018-02-23,3708.2927948784236
2018-02-22,3709.09206886937
2018-02-21,3720.72519438471
2018-02-20,3732.6439039291595
2018-02-19,3728.7040239555045
2018-02-18,3720.230082235226
2018-02-17,3713.447900193761
2018-02-16,3713.1660778096666
2018-02-15,3712.189782371014
2018-02-14,3700.2950239431775
2018-02-13,3706.556326178806
2018-02-12,3730.0224197184384
2018-02-11,3729.928813649979
2018-02-10,3744.2777124477657
2018-02-09,3742.9770247382507
2018-02-08,3742.8186986267933
2018-02-07,3748.0360598355937
2018-02-06,3726.8752742900333
2018-02-05,3764.0336594771584
2018-02-04,3754.397666928772
2018-02-03,3758.4334650883116
2018-02-02,3758.52735047672
2018-02-01,3758.776409198613
2018-01-31,3752.1370680218656
2018-01-30,3735.0435407194145
2018-01-29,3725.6279223452016
2018-01-28,3740.251306818001
2018-01-27,3725.071596286109
2018-01-26,3727.2936938912703
2018-01-25,3727.7501638193357
2018-01-24,3707.3682779919236
2018-01-23,3713.6325677393374
2018-01-22,3749.841644677377
2018-01-21,3741.7956380025093
2018-01-20,3737.592924007042
2018-01-19,3738.238943016452
2018-01-18,3737.73414173064
2018-01-17,3700.9828778463693
2018-01-16,3695.745657019397
2018-01-15,3711.1399690530893
2018-01-14,3700.69643664612
2018-01-13,3708.5329878500347
2018-01-12,3708.7710981695645
2018-01-11,3709.576920775573
2018-01-10,3722.644032252222
2018-01-09,3722.471010011999
2018-01-08,3730.6735767188866
2018-01-07,3704.998533629464
2018-01-06,3714.094872492963
2018-01-05,3712.5073015803546
2018-01-04,3712.4096932075313
2018-01-03,3698.973328185964
2018-01-02,3671.9488223341004
2018-01-01,3708.018900740003
